{
    "K": [
        [
            2666.666666666667,
            0.0,
            960.0
        ],
        [
            0.0,
            2666.666666666667,
            540.0
        ],
        [
            0.0,
            0.0,
            1.0
        ]
    ],
    "resolution": [
        1920.0,
        1080.0
    ],
    "focal_mm": 50.0,
    "scale": 1.0,
    "cam.sensor_fit": "AUTO",
    "sensro width": 36.0,
    "sensor height": 24.0,
    "pixel_aspect": 1.0
}