{
    "K": [
        [
            2666.666666666667,
            0.0,
            960.0
        ],
        [
            0.0,
            2250.0,
            540.0
        ],
        [
            0.0,
            0.0,
            1.0
        ]
    ],
    "resolution": [
        1920.0,
        1080.0
    ],
    "focal_mm": 50.0,
    "scale": 1.0,
    "cam.sensor_fit": "AUTO",
    "sensro width": 36.0,
    "sensor height": 24.0,
    "pixel_aspect": 1.0,
    "camera_tr": [
        [
            -0.6160239577293396,
            0.010817131958901882,
            0.7876531481742859,
            0.7985551357269287
        ],
        [
            0.7877275347709656,
            0.008459285832941532,
            0.6159657835960388,
            0.6017254590988159
        ],
        [
            0.0,
            0.9999057054519653,
            -0.013732073828577995,
            0.0
        ],
        [
            0.0,
            0.0,
            0.0,
            1.0
        ]
    ]
}